Interest,Recommended_Careers,Description
coding,"Software Developer, Data Scientist, Web Developer","Designs, develops, tests, and maintains software applications and systems."
biology,"Biologist, Bioinformatician, Lab Technician","Studies living organisms, conducts research, and applies biological knowledge to solve problems."
design,"Graphic Designer, UX/UI Designer, Creative Director","Creates visual content, user interfaces, and enhances user experience for digital products."
marketing,"Marketing Manager, Digital Marketer, Brand Strategist","Promotes products or services, develops marketing strategies, and engages target audiences."
finance,"Financial Analyst, Accountant, Investment Banker","Manages financial data, analyzes market trends, and provides financial advice and planning."
robotics,"Robotics Engineer, Automation Specialist, Mechatronics Engineer","Designs, builds, and maintains robotic systems for automation and advanced manufacturing."
psychology,"Psychologist, Counselor, Behavioral Therapist",Studies human behavior and mental processes to help individuals cope with various issues.
writing,"Content Writer, Copywriter, Editor","Produces written content for websites, marketing, publications, and editing for clarity and style."
data analysis,"Data Analyst, Business Analyst, Data Engineer","Collects, processes, and analyzes data to aid in business decision-making and forecasting."
networking,"Network Administrator, Network Engineer, Security Analyst",Maintains and secures computer networks and ensures reliable connectivity and data safety.
machine learning,"Machine Learning Engineer, AI Researcher, Data Scientist",Develops algorithms and models that enable computers to learn and make predictions.
human resources,"HR Manager, Recruiter, Talent Acquisition Specialist","Manages employee relations, recruitment, and organizational development to support company goals."
cybersecurity,"Cybersecurity Analyst, Ethical Hacker, Security Consultant","Protects computer systems and networks from digital attacks, breaches, and unauthorized access."
teaching,"Teacher, Lecturer, Academic Researcher","Educates students, develops lesson plans, and contributes to academic research and development."
environment,"Environmental Scientist, Conservationist, Sustainability Consultant","Researches environmental issues, develops solutions, and promotes sustainable practices."
wildlife,Wildlife Biologist,Study animals and their ecosystems to protect endangered species and promote biodiversity.
social work,Social Worker,"Support individuals and communities by addressing issues like poverty, abuse, and mental health"
astronomy,Astronomer,Explore the universe by studying celestial bodies and the laws of physics that govern them.
culinary arts,Chef,Create innovative and delicious meals while managing kitchen operations in restaurants or hotels.
urban planning,Urban Planner,Design and develop land use plans to create sustainable and functional urban communities.
marine life,"Marine Biologist, Oceanographer, Aquatic Veterinarian","Study ocean organisms, marine ecosystems, and aquatic animal health and conservation."
psychology,"Clinical Psychologist, Counselor, Behavioral Therapist","Understand and help people manage mental health, emotions, and behavioral patterns."
sports,"Sports Coach, Fitness Trainer, Sports Analyst","Train athletes, analyze performance, and promote physical health through sport and exercise."
fashion,"Fashion Designer, Stylist, Fashion Merchandiser","Create, curate, and market clothing and trends in the fashion industry."
architecture,"Architect, Landscape Designer, Urban Planner",Design buildings and spaces that are both functional and aesthetically appealing.
AI & Machine Learning,"AI Engineer, Data Scientist, ML Researcher","Design and train intelligent systems that can learn and predict outcomes."
Robotics,"Robotics Engineer, Automation Specialist","Build and program machines to perform physical tasks."
Cybersecurity,"Security Analyst, Ethical Hacker, SOC Engineer","Protect systems and networks from cyber threats."
Cloud Computing,"Cloud Engineer, DevOps Engineer","Design and manage cloud-based infrastructure."
Game Development,"Game Developer, 3D Designer, AR/VR Engineer","Create immersive games using coding and graphics."
Neuroscience,"Neurologist, Cognitive Scientist, Neuroengineer","Study the brain and develop treatments for neural conditions."
Genetics,"Geneticist, Biotech Researcher","Analyze genes and DNA to solve biological problems."
Psychology,"Psychologist, Therapist, Behavioral Analyst","Study human behavior and mental processes."
Medicine,"Doctor, Surgeon, Medical Researcher","Diagnose and treat physical or mental health issues."
Environmental Science,"Environmentalist, Ecologist","Work to solve environmental challenges like climate change."
Storytelling,"Content Writer, Screenwriter, Author","Create stories for books, movies, or media."
Drawing,"Illustrator, Animator, Concept Artist","Use your sketching skills in digital or print media."
History,"Historian, Archivist, Museum Curator","Study and preserve historical information and culture."
Philosophy,"Professor, Ethics Consultant","Explore lifeâ€™s big questions and help develop critical thinking."
Finance,"Investment Banker, Financial Analyst","Analyze financial data to make investment decisions."
Marketing,"Digital Marketer, SEO Specialist","Promote products/services using creative strategies."
Entrepreneurship,"Startup Founder, Business Strategist","Build and scale your own ventures."
Sales,"Sales Manager, Account Executive","Sell products while building customer relationships."
Politics,"Policy Analyst, Political Advisor","Influence government policy through research and strategy."
Teaching,"School Teacher, Online Educator","Educate the next generation through various subjects."
Law,"Lawyer, Legal Analyst","Advocate for justice and support clients with legal issues."
Social Work,"Social Worker, NGO Coordinator","Help individuals and communities solve social problems."
Music,"Music Producer, Sound Engineer, Singer","Create or produce music for entertainment or therapy."
Photography,"Photographer, Photojournalist","Capture visuals that tell stories or support brands."
Cooking,"Chef, Food Blogger, Culinary Instructor","Cook or share recipes for a living."
Fashion,"Fashion Designer, Stylist, Fashion Blogger","Design or curate clothing and aesthetics."
UI/UX Design,"UX Designer, Product Designer","Make apps and websites user-friendly and beautiful."
Crypto & Web3,"Blockchain Developer, Crypto Analyst","Develop or research decentralized systems."
YouTube & Content Creation,"Content Creator, Video Editor","Build a personal brand and create engaging videos."
Esports,"Pro Gamer, Game Commentator, Coach","Compete professionally in video games or guide teams."
Fitness & Wellness,"Personal Trainer, Yoga Instructor","Help others achieve mental and physical wellness."
,,
